Load_Type,Time
load_staging,1976.6226544380188
load_datawarehouse,31.839967012405396
