Load_Type,Time
load_staging,4209.873553037643
load_datawarehouse,76.11318755149841
