Load_Type,Time
load_staging,3043.132832765579
load_datawarehouse,52.14913749694824
