Load_Type,Time
load_staging,2266.8536624908447
load_datawarehouse,27.287789583206177
