Load_Type,Time
load_staging,966.3543319702148
load_datawarehouse,18.147992849349976
